bin_label,window,driver,rho_abs,p_adj,alpha_used
Cold,1.0,SII,0.0035350940500696337,0.5233348788964697,0.15000000000006047
Cold,2.0,SII,0.014928699471056434,0.46225694348970986,0.15000000000006047
Cold,3.0,SII,0.020180330611765333,0.4426653105573426,0.15000000000006047
Cold,4.0,SII,0.011675185834368001,0.6420952431674116,0.15000000000006047
Cold,5.0,SII,0.008075392339378533,0.7482098959112563,0.15000000000006047
Cold,6.0,SII,0.0089351382727424,0.7260471263202167,0.15000000000006047
Cold,7.0,SII,0.0090101708192378,0.7277885419887772,0.15000000000006047
Cold,8.0,SII,0.007608206632236633,0.6741517288845172,0.15000000000006047
Cold,9.0,SII,0.019019878779848332,0.47540956767814535,0.15000000000006047
Cold,10.0,SII,0.02548955877621963,0.33426841589054296,0.15000000000006047
Cold,11.0,SII,0.029516811793049103,0.26573236079676765,0.15000000000006047
Cold,12.0,SII,0.02908083175619437,0.27660042529399687,0.15000000000006047
Cold,13.0,SII,0.028721474731961866,0.2897483443763873,0.15000000000006047
Cold,14.0,SII,0.03332937260468797,0.22026687810064327,0.15000000000006047
Cold,15.0,SII,0.0299123811225096,0.2792074714739079,0.15000000000006047
Cold,16.0,SII,0.025739074374238568,0.3602488068376843,0.15000000000006047
Cold,17.0,SII,0.025219143678744598,0.3728555525223074,0.15000000000006047
Cold,18.0,SII,0.023684579258163734,0.4131916322271722,0.15000000000006047
Cold,19.0,SII,0.0270066130906343,0.35638767078158834,0.15000000000006047
Cold,20.0,SII,0.0284216850996017,0.3277646249312293,0.15000000000006047
Cold,21.0,SII,0.027955934405326798,0.34512720862586505,0.15000000000006047
Cold,22.0,SII,0.026549757147828663,0.380186696167414,0.15000000000006047
Cold,23.0,SII,0.02664199781914547,0.3820631055609313,0.15000000000006047
Cold,24.0,SII,0.027601268452902603,0.3692944222744725,0.15000000000006047
Cold,25.0,SII,0.029611121242245002,0.3458488324570614,0.15000000000006047
Cold,26.0,SII,0.02717739560951787,0.38718522722526555,0.15000000000006047
Cold,27.0,SII,0.0230050636455416,0.46486783436533613,0.15000000000006047
Cold,28.0,SII,0.0225271047869076,0.4863688020985564,0.15000000000006047
Cold,30.0,SII,0.029904363056023866,0.3348402009273357,0.15000000000006047
Cold,40.0,SII,0.02660536517699553,0.40839987201439937,0.15000000000006047
Cold,50.0,SII,0.023767695917437433,0.46958948010651685,0.15000000000006047
Cold,60.0,SII,0.0057067652232945,0.7145224754428997,0.15000000000006047
Cold,75.0,SII,0.0044550805663069,0.8065857211389963,0.15000000000006047
Cold,90.0,SII,0.016808087006211267,0.5821676578201359,0.15000000000006047
Cold,1.0,PAR,0.076797068119049,0.0009927447228514,0.2529649914191779
Cold,2.0,PAR,0.0625222995877265,0.0072694896798009,0.20065979994906322
Cold,3.0,PAR,0.056248091161251,0.0159871480242479,0.17995546123212672
Cold,4.0,PAR,0.0492869541049003,0.0348295937769831,0.1594985131757545
Cold,5.0,PAR,0.0523886196315288,0.0251819776191388,0.16801929680282718
Cold,6.0,PAR,0.0548238456249237,0.0192407021456859,0.17508890367804342
Cold,7.0,PAR,0.0549525059759616,0.0191314836080342,0.1752384554433098
Cold,8.0,PAR,0.0563425719738006,0.0162334684942673,0.1795537761797866
Cold,9.0,PAR,0.0574504174292087,0.0142004580123606,0.18306889026819748
Cold,10.0,PAR,0.0561978667974472,0.0163956000094278,0.179292694203434
Cold,11.0,PAR,0.0549162030220031,0.01892178041236,0.17552800845232003
Cold,12.0,PAR,0.0565002039074897,0.0156757815417607,0.18047216938856656
Cold,13.0,PAR,0.0555301122367382,0.0174301568171053,0.17768518730580582
Cold,14.0,PAR,0.0577786415815353,0.013294128711383,0.18480152395788876
Cold,15.0,PAR,0.0572518520057201,0.0141296711284639,0.18320017544577746
Cold,16.0,PAR,0.0586925260722637,0.0118139008487598,0.18790272843023226
Cold,17.0,PAR,0.0595151409506797,0.0106672393447186,0.19058501076794876
Cold,18.0,PAR,0.0599968433380126,0.0100043203179651,0.1922705805515842
Cold,19.0,PAR,0.0610098429024219,0.0087785319345823,0.19570443755082245
Cold,20.0,PAR,0.0617320165038108,0.0079959506101012,0.19815748686489149
Cold,21.0,PAR,0.0616752430796623,0.0079927342464658,0.1981680565721301
Cold,22.0,PAR,0.062614619731903,0.0070153933550116,0.2015945124630085
Cold,23.0,PAR,0.0631852224469184,0.0064470956964286,0.2038138288588346
Cold,24.0,PAR,0.0629485920071601,0.0065645077893081,0.2033396913112903
Cold,25.0,PAR,0.0635028555989265,0.0060621267972431,0.2054313242101507
Cold,26.0,PAR,0.0641910508275032,0.0054919617833257,0.2080262702037311
Cold,27.0,PAR,0.0650245174765586,0.0048755384723759,0.2111539919117304
Cold,28.0,PAR,0.064500905573368,0.0051876414024583,0.20952389859121426
Cold,30.0,PAR,0.0624677948653698,0.0066503902436054,0.20299821758281514
Cold,40.0,PAR,0.0549245588481426,0.0160672662742558,0.1798241339172315
Cold,50.0,PAR,0.040778711438179,0.0721544563706315,0.15000000000006047
Cold,60.0,PAR,0.0308545604348182,0.1726885932154911,0.15000000000006047
Cold,75.0,PAR,0.0241982154548168,0.2845955938140498,0.15000000000006047
Cold,90.0,PAR,0.0244004912674427,0.2817640235911296,0.15000000000006047
Cold,1.0,VPD,0.0177692603319883,0.4264586811613995,0.15000000000006047
Cold,2.0,VPD,0.0051373788155615,0.8178205529733202,0.15000000000006047
Cold,3.0,VPD,0.0022960191126912,0.9180625416801312,0.15000000000006047
Cold,4.0,VPD,0.0042999647557735,0.8474404164662648,0.15000000000006047
Cold,5.0,VPD,0.0081074759364128,0.7169599572217238,0.15000000000006047
Cold,6.0,VPD,0.0078877797350287,0.7238064257865995,0.15000000000006047
Cold,7.0,VPD,0.0087104048579931,0.6958930035012227,0.15000000000006047
Cold,8.0,VPD,0.0085981395095586,0.6993589321195237,0.15000000000006047
Cold,9.0,VPD,0.0079686557874083,0.7199584122433156,0.15000000000006047
Cold,10.0,VPD,0.0082722343504428,0.7094843115884517,0.15000000000006047
Cold,11.0,VPD,0.0101200547069311,0.6482105420269257,0.15000000000006047
Cold,12.0,VPD,0.0114153632894158,0.6065977392384014,0.15000000000006047
Cold,13.0,VPD,0.0104705756530165,0.6364299050849773,0.15000000000006047
Cold,14.0,VPD,0.0098732532933354,0.6557248786382184,0.15000000000006047
Cold,15.0,VPD,0.0108969816938042,0.6225431883194914,0.15000000000006047
Cold,16.0,VPD,0.0122830010950565,0.5790203581657951,0.15000000000006047
Cold,17.0,VPD,0.0122893331572413,0.5789618817570856,0.15000000000006047
Cold,18.0,VPD,0.0126341618597507,0.5683289688739408,0.15000000000006047
Cold,19.0,VPD,0.0141450576484203,0.5231788530889558,0.15000000000006047
Cold,20.0,VPD,0.0149244954809546,0.5007779319361401,0.15000000000006047
Cold,21.0,VPD,0.0154865644872188,0.4851153650054098,0.15000000000006047
Cold,22.0,VPD,0.0170806236565113,0.4415964496632658,0.15000000000006047
Cold,23.0,VPD,0.0191434249281883,0.3887453795318905,0.15000000000006047
Cold,24.0,VPD,0.0207627899944782,0.3501293134137291,0.15000000000006047
Cold,25.0,VPD,0.0211381148546934,0.3418230050255089,0.15000000000006047
Cold,26.0,VPD,0.0208909623324871,0.3477630186608502,0.15000000000006047
Cold,27.0,VPD,0.0199684388935565,0.3696181051221017,0.15000000000006047
Cold,28.0,VPD,0.0190442875027656,0.3923371705152467,0.15000000000006047
Cold,30.0,VPD,0.0158068966120481,0.4785091316639367,0.15000000000006047
Cold,40.0,VPD,0.0056554949842393,0.8010344763417536,0.15000000000006047
Cold,50.0,VPD,0.0011377977207303,0.9598095167754042,0.15000000000006047
Cold,60.0,VPD,0.0001132320103351,0.9960083444383578,0.15000000000006047
Cold,75.0,VPD,0.0005929385661147,0.9790939680369264,0.15000000000006047
Cold,90.0,VPD,0.0014063804410398,0.950379749770092,0.15000000000006047
Cool,1.0,SII,0.005787944886833399,0.7251029162418443,0.15000000000006047
Cool,2.0,SII,0.004479601047933067,0.7913188749809766,0.15000000000006047
Cool,3.0,SII,0.007178116434564167,0.6820870034892813,0.15000000000006047
Cool,4.0,SII,0.007989388386097999,0.6671483158857701,0.15000000000006047
Cool,5.0,SII,0.006566360127180833,0.708765979441651,0.15000000000006047
Cool,6.0,SII,0.005059740564320199,0.773592558336337,0.15000000000006047
Cool,7.0,SII,0.007019698348206732,0.7221012642539034,0.15000000000006047
Cool,8.0,SII,0.007149811281124133,0.7183048233265138,0.15000000000006047
Cool,9.0,SII,0.008575843103850832,0.6805672170457631,0.15000000000006047
Cool,10.0,SII,0.0076567981547365,0.6966739199253147,0.15000000000006047
Cool,11.0,SII,0.010112272730718,0.6134887522691642,0.15000000000006047
Cool,12.0,SII,0.008435673856486832,0.672049639609647,0.15000000000006047
Cool,13.0,SII,0.005926109850406601,0.7619848412056203,0.15000000000006047
Cool,14.0,SII,0.005121440471460366,0.7920166180095856,0.15000000000006047
Cool,15.0,SII,0.0036482851331432003,0.8502381536274237,0.15000000000006047
Cool,16.0,SII,0.003528676466279,0.856901369491986,0.15000000000006047
Cool,17.0,SII,0.0030677067892005,0.8629068626069252,0.15000000000006047
Cool,18.0,SII,0.0038431244417248336,0.8461463825593943,0.15000000000006047
Cool,19.0,SII,0.005817407974973266,0.7673668140387641,0.15000000000006047
Cool,20.0,SII,0.008228797931224066,0.6708217199811101,0.15000000000006047
Cool,21.0,SII,0.010940685247381501,0.5695323744674364,0.15000000000006047
Cool,22.0,SII,0.011668946904440666,0.5428413995458722,0.15000000000006047
Cool,23.0,SII,0.0103216733162601,0.5905497587612092,0.15000000000006047
Cool,24.0,SII,0.0090358701224128,0.6386513733885603,0.15000000000006047
Cool,25.0,SII,0.007532390144964034,0.6987683244437871,0.15000000000006047
Cool,26.0,SII,0.008478818616519333,0.6623402484855501,0.15000000000006047
Cool,27.0,SII,0.007726373306165099,0.6901600848320731,0.15000000000006047
Cool,28.0,SII,0.007036206157257099,0.7171960668250801,0.15000000000006047
Cool,30.0,SII,0.005059884162619667,0.7954995260274109,0.15000000000006047
Cool,40.0,SII,0.0006080519718428337,0.8031812492369834,0.15000000000006047
Cool,50.0,SII,0.0090960641391575,0.4990715300281076,0.15000000000006047
Cool,60.0,SII,0.005015639898677667,0.6105744916696961,0.15000000000006047
Cool,75.0,SII,0.0020351392837862,0.6419347969747419,0.15000000000006047
Cool,90.0,SII,0.007105248902613899,0.7314137966538445,0.15000000000006047
Cool,1.0,PAR,0.1004966497421264,8.15436607126685e-12,0.7420679613196416
Cool,2.0,PAR,0.0902560576796531,1.282175920991335e-09,0.6091943300771075
Cool,3.0,PAR,0.0904105752706527,1.6072250197396443e-09,0.6032583297264006
Cool,4.0,PAR,0.0932679325342178,5.173876882480497e-10,0.633036041125684
Cool,5.0,PAR,0.0938011556863784,4.6060533165359614e-10,0.6360900966038862
Cool,6.0,PAR,0.0969737917184829,1.1930678667226855e-10,0.6715784250951116
Cool,7.0,PAR,0.0978268980979919,9.193668049078951e-11,0.6784246608704818
Cool,8.0,PAR,0.0964802280068397,1.7179813127654595e-10,0.6619993555495555
Cool,9.0,PAR,0.0946219861507415,4.198918990283573e-10,0.6385213491870196
Cool,10.0,PAR,0.0938475281000137,6.017883968922886e-10,0.6290661046285977
Cool,11.0,PAR,0.0942980274558067,5.020663884636176e-10,0.6338257575965631
Cool,12.0,PAR,0.0939821898937225,5.858431517680174e-10,0.6297715869302474
Cool,13.0,PAR,0.0959774255752563,2.459048520364604e-10,0.6525778443090732
Cool,14.0,PAR,0.0987738668918609,7.274003621660086e-11,0.6845775990873108
Cool,15.0,PAR,0.0980498939752578,9.797984645842915e-11,0.6767521884865723
Cool,16.0,PAR,0.0990935638546943,5.992073504046401e-11,0.689670786631253
Cool,17.0,PAR,0.0997563749551773,4.247135976243044e-11,0.6987131538914193
Cool,18.0,PAR,0.0993395373225212,4.7838621952678295e-11,0.6955867886196186
Cool,19.0,PAR,0.0986755713820457,5.8039351102934233e-11,0.6905088748428421
Cool,20.0,PAR,0.0985419973731041,5.7343907400309035e-11,0.6908255653095091
Cool,21.0,PAR,0.0988036170601844,4.566214073520314e-11,0.6968100768047016
Cool,22.0,PAR,0.0974482595920562,7.551981262565731e-11,0.6835923460969207
Cool,23.0,PAR,0.0966395959258079,9.842171522222998e-11,0.6766339770079749
Cool,24.0,PAR,0.096026711165905,1.2072787214378875e-10,0.6712673524150878
Cool,25.0,PAR,0.0956300720572471,1.37437838887422e-10,0.6678617404566087
Cool,26.0,PAR,0.0946972370147705,1.9606294365814847e-10,0.6585285146050298
Cool,27.0,PAR,0.0956371948122978,1.2100098700784656e-10,0.6712079878116541
Cool,28.0,PAR,0.0956175699830055,1.1030909519149644e-10,0.6736384011136036
Cool,30.0,PAR,0.0959564447402954,7.898126597183364e-11,0.6824149835999045
Cool,40.0,PAR,0.0927072316408157,1.817095363065846e-10,0.6605258194679384
Cool,50.0,PAR,0.0824256986379623,1.0982414755389414e-08,0.5527706242154884
Cool,60.0,PAR,0.0754792094230651,1.288457720516334e-07,0.48808240619418014
Cool,75.0,PAR,0.0696801021695137,7.798395500469013e-07,0.4407817740698068
Cool,90.0,PAR,0.0700815245509147,6.053478081025077e-07,0.4474358851428533
Cool,1.0,VPD,0.0559164956212043,4.77969145746826e-05,0.33265912251992147
Cool,2.0,VPD,0.0516138784587383,0.0001676620785553,0.2996889952743957
Cool,3.0,VPD,0.0544718615710735,7.024103257924352e-05,0.32254544261409757
Cool,4.0,VPD,0.0576312392950058,2.3915797819462625e-05,0.35084990249599746
Cool,5.0,VPD,0.0614152774214744,6.550120220660816e-06,0.38487262386084814
Cool,6.0,VPD,0.0629554763436317,3.6224236383830544e-06,0.4004341319189965
Cool,7.0,VPD,0.0638848394155502,2.474073750979855e-06,0.41045075719967056
Cool,8.0,VPD,0.0637478232383728,2.473897115162771e-06,0.4104526328945363
Cool,9.0,VPD,0.0624754875898361,3.8089218468151374e-06,0.3991152407393158
Cool,10.0,VPD,0.0625226572155952,3.7220036517293664e-06,0.3997216868070976
Cool,11.0,VPD,0.0624815188348293,3.728058035612492e-06,0.3996789875093202
Cool,12.0,VPD,0.0613995194435119,5.523283012509594e-06,0.38935215835502285
Cool,13.0,VPD,0.0616100952029228,5.132786974115788e-06,0.3912784615086552
Cool,14.0,VPD,0.0611549690365791,6.122040594913614e-06,0.386648242585931
Cool,15.0,VPD,0.0599063895642757,9.831620429778807e-06,0.3742033387495969
Cool,16.0,VPD,0.0588244646787643,1.476165365321691e-05,0.3635259431563186
Cool,17.0,VPD,0.0580288730561733,2.012528479400366e-05,0.35538332694918656
Cool,18.0,VPD,0.0567614287137985,3.159666135221784e-05,0.34353304127449635
Cool,19.0,VPD,0.0552368238568306,5.31105499270712e-05,0.32988975298979767
Cool,20.0,VPD,0.0540824122726917,7.877039759640603e-05,0.31953463747560906
Cool,21.0,VPD,0.0532820187509059,0.0001041683561489,0.3121925844018258
Cool,22.0,VPD,0.0521439909934997,0.0001510284614929,0.3024338724097036
Cool,23.0,VPD,0.0511638782918453,0.0002070309164656,0.29414792805083734
Cool,24.0,VPD,0.0499515123665332,0.0003009157766611,0.28432347568613625
Cool,25.0,VPD,0.0493083670735359,0.000368274248568,0.2790167514086332
Cool,26.0,VPD,0.0485562533140182,0.0004605965903727,0.2731400149075335
Cool,27.0,VPD,0.0479431189596653,0.0005524193887984,0.2683642994181301
Cool,28.0,VPD,0.0467638634145259,0.0007674605236629,0.2597268539779154
Cool,30.0,VPD,0.0443203002214431,0.0014813204524803,0.24245083140257662
Cool,40.0,VPD,0.0358161814510822,0.0110764708202939,0.18959600866059342
Cool,50.0,VPD,0.028731444850564,0.043678684607068,0.15355089393212695
Cool,60.0,VPD,0.0287684444338083,0.0441011290529504,0.15329802885448568
Cool,75.0,VPD,0.0279942639172077,0.0498866321346989,0.15005963391710228
Cool,90.0,VPD,0.0315242856740951,0.0263790012838154,0.16679926774128115
Optimum,1.0,SII,0.028020223602652498,0.047653527191194776,0.1512627627062463
Optimum,2.0,SII,0.028226757422089535,0.045943054499250235,0.15222308069335916
Optimum,3.0,SII,0.02976198121905323,0.045241789208962734,0.15262717134143391
Optimum,4.0,SII,0.02883768516282237,0.06420691975410617,0.15000000000006047
Optimum,5.0,SII,0.0282719532648722,0.068738729816104,0.15000000000006047
Optimum,6.0,SII,0.0289214638372262,0.059454655688653,0.15000000000006047
Optimum,7.0,SII,0.030851769571502968,0.0483514771877607,0.15088077565557154
Optimum,8.0,SII,0.0337328904618819,0.0356957116112459,0.1588532091230406
Optimum,9.0,SII,0.03610530247290923,0.0327961161653575,0.16107892057498333
Optimum,10.0,SII,0.0364624348779519,0.02961846766938073,0.16375627572486207
Optimum,11.0,SII,0.037419679885109226,0.030591783074198534,0.1629068379964562
Optimum,12.0,SII,0.03925216073791183,0.0223770890084283,0.17112169215513234
Optimum,13.0,SII,0.04081924011309936,0.017783255640950367,0.17715830542281075
Optimum,14.0,SII,0.04074075445532793,0.014924512224914165,0.18176240162372867
Optimum,15.0,SII,0.04083872338136033,0.0159512291454868,0.18001455213976134
Optimum,16.0,SII,0.040644022325674635,0.01700994657947377,0.17832629986754242
Optimum,17.0,SII,0.041201410194238,0.015433971057438668,0.18088058079942843
Optimum,18.0,SII,0.041153411070505706,0.016799563084526233,0.17865325559561113
Optimum,19.0,SII,0.0394981962939103,0.018573300556431967,0.1760163531082265
Optimum,20.0,SII,0.0397890967627366,0.0163189498921339,0.17941580133738189
Optimum,21.0,SII,0.04019728302955623,0.0123948563042859,0.18664158558094932
Optimum,22.0,SII,0.0435558160146077,0.006250082441289666,0.20462915927148687
Optimum,23.0,SII,0.04547589023907974,0.004242601985863633,0.214807107459162
Optimum,24.0,SII,0.0478311677773793,0.0024817236630735,0.22889436091195883
Optimum,25.0,SII,0.050074279308319036,0.0016479661921043002,0.23965010638560355
Optimum,26.0,SII,0.0512502864003181,0.0012688103967584668,0.246519041046691
Optimum,27.0,SII,0.0516300126910209,0.0012771654878359334,0.2463466125612866
Optimum,28.0,SII,0.05241105457146957,0.0011697386501521333,0.24865487749339826
Optimum,30.0,SII,0.05389496187369023,0.0006924213493912333,0.2624299644572301
Optimum,40.0,SII,0.05513103678822514,0.0005878436462517333,0.26673145036508084
Optimum,50.0,SII,0.05805553744236624,0.0003162233662828231,0.28301993869806297
Optimum,60.0,SII,0.05349345753590263,0.0010259946536957667,0.25209950487450317
Optimum,75.0,SII,0.04470712443192793,0.0079685224078848,0.1982477590041517
Optimum,90.0,SII,0.0322699615110953,0.07548592715388576,0.15000000000006047
Optimum,1.0,PAR,0.1357415169477462,1e-16,1.0
Optimum,2.0,PAR,0.1186528876423835,1e-16,1.0
Optimum,3.0,PAR,0.109690174460411,1e-16,1.0
Optimum,4.0,PAR,0.1029005646705627,1e-16,1.0
Optimum,5.0,PAR,0.1005223914980888,1e-16,1.0
Optimum,6.0,PAR,0.0992946401238441,1e-16,1.0
Optimum,7.0,PAR,0.0999002233147621,1e-16,1.0
Optimum,8.0,PAR,0.1013593673706054,1e-16,1.0
Optimum,9.0,PAR,0.0995902940630912,1e-16,1.0
Optimum,10.0,PAR,0.0979744493961334,1e-16,1.0
Optimum,11.0,PAR,0.096619077026844,1e-16,1.0
Optimum,12.0,PAR,0.0970955044031143,1e-16,1.0
Optimum,13.0,PAR,0.0998992249369621,1e-16,1.0
Optimum,14.0,PAR,0.1017729118466377,1e-16,1.0
Optimum,15.0,PAR,0.1025056615471839,1e-16,1.0
Optimum,16.0,PAR,0.1036558002233505,1e-16,1.0
Optimum,17.0,PAR,0.105483166873455,1e-16,1.0
Optimum,18.0,PAR,0.1048561856150627,1e-16,1.0
Optimum,19.0,PAR,0.1042286679148674,1e-16,1.0
Optimum,20.0,PAR,0.1060614064335823,1e-16,1.0
Optimum,21.0,PAR,0.1050952300429344,1e-16,1.0
Optimum,22.0,PAR,0.1059681475162506,1e-16,1.0
Optimum,23.0,PAR,0.1062705814838409,1e-16,1.0
Optimum,24.0,PAR,0.1065353602170944,1e-16,1.0
Optimum,25.0,PAR,0.1060305684804916,1e-16,1.0
Optimum,26.0,PAR,0.1050751879811286,1e-16,1.0
Optimum,27.0,PAR,0.1033243536949157,1e-16,1.0
Optimum,28.0,PAR,0.1012885868549346,1e-16,1.0
Optimum,30.0,PAR,0.0999791175127029,1e-16,1.0
Optimum,40.0,PAR,0.087517611682415,1.199040866595169e-14,0.9134142818697707
Optimum,50.0,PAR,0.0736460834741592,3.473599186065712e-11,0.7039950806033605
Optimum,60.0,PAR,0.0543343983590602,5.541048426760398e-07,0.44975955697142855
Optimum,75.0,PAR,0.0372727438807487,0.0004010911771645,0.27677421546646397
Optimum,90.0,PAR,0.0391260236501693,0.0001762276613332,0.2983799999765522
Optimum,1.0,VPD,0.0963026881217956,1e-16,1.0
Optimum,2.0,VPD,0.0902898609638214,1e-16,1.0
Optimum,3.0,VPD,0.0880195870995521,1e-16,1.0
Optimum,4.0,VPD,0.0879048630595207,1e-16,1.0
Optimum,5.0,VPD,0.0871218889951706,1e-16,1.0
Optimum,6.0,VPD,0.086746796965599,1e-16,1.0
Optimum,7.0,VPD,0.0865495428442955,1e-16,1.0
Optimum,8.0,VPD,0.0861872732639312,1e-16,1.0
Optimum,9.0,VPD,0.0851627588272094,1e-16,1.0
Optimum,10.0,VPD,0.0835695192217826,1e-16,1.0
Optimum,11.0,VPD,0.082840472459793,1e-16,1.0
Optimum,12.0,VPD,0.0837705135345459,1e-16,1.0
Optimum,13.0,VPD,0.0844985023140907,1e-16,1.0
Optimum,14.0,VPD,0.0847821906208992,1e-16,1.0
Optimum,15.0,VPD,0.0849839523434639,1e-16,1.0
Optimum,16.0,VPD,0.0852583050727844,1e-16,1.0
Optimum,17.0,VPD,0.0850440934300422,1e-16,1.0
Optimum,18.0,VPD,0.0845514982938766,1e-16,1.0
Optimum,19.0,VPD,0.0841654986143112,1e-16,1.0
Optimum,20.0,VPD,0.0834288746118545,1e-16,1.0
Optimum,21.0,VPD,0.081937626004219,1e-16,1.0
Optimum,22.0,VPD,0.0812335908412933,1e-16,1.0
Optimum,23.0,VPD,0.0801199525594711,1e-16,1.0
Optimum,24.0,VPD,0.0784398913383483,1e-16,1.0
Optimum,25.0,VPD,0.0769315510988235,4.440892098500626e-16,1.0
Optimum,26.0,VPD,0.0754029527306556,1.7763568394002505e-15,0.9635803294648577
Optimum,27.0,VPD,0.073742888867855,6.439293542825908e-15,0.9297468016133069
Optimum,28.0,VPD,0.0722296833992004,2.26485497023532e-14,0.8967060689551034
Optimum,30.0,VPD,0.0696359351277351,1.9073631563060194e-13,0.8407274150466173
Optimum,40.0,VPD,0.0538486801087856,1.3491785910701992e-08,0.5473643785269144
Optimum,50.0,VPD,0.0372937209904193,8.374875238037482e-05,0.3179246305373026
Optimum,60.0,VPD,0.024316856637597,0.0105410072093059,0.19089774890566796
Optimum,75.0,VPD,0.0161949284374713,0.0880340312030658,0.15000000000006047
Optimum,90.0,VPD,0.0186706092208623,0.0479779740702375,0.15108450231914308
Warm_Stress,1.0,SII,0.003181081032380434,0.7658314229824468,0.15000000000006047
Warm_Stress,2.0,SII,0.00016123211632173307,0.6919330986817713,0.15000000000006047
Warm_Stress,3.0,SII,0.0020930776372552,0.7523646907392173,0.15000000000006047
Warm_Stress,4.0,SII,0.001913238724227967,0.9098742239578392,0.15000000000006047
Warm_Stress,5.0,SII,0.002673603994480795,0.8703669247314156,0.15000000000006047
Warm_Stress,6.0,SII,0.0010000652012725332,0.7609678783140339,0.15000000000006047
Warm_Stress,7.0,SII,0.0014472915790974998,0.7275385048001715,0.15000000000006047
Warm_Stress,8.0,SII,0.004373246027777567,0.6823344324199004,0.15000000000006047
Warm_Stress,9.0,SII,0.008162704374020266,0.6517731156772376,0.15000000000006047
Warm_Stress,10.0,SII,0.008064022753387667,0.6629880528160427,0.15000000000006047
Warm_Stress,11.0,SII,0.006522002319494867,0.6399655159925504,0.15000000000006047
Warm_Stress,12.0,SII,0.006007131344328301,0.555728539682431,0.15000000000006047
Warm_Stress,13.0,SII,0.010909313413624935,0.5499486964997137,0.15000000000006047
Warm_Stress,14.0,SII,0.011232383061724222,0.5693181433423463,0.15000000000006047
Warm_Stress,15.0,SII,0.0108504397697591,0.5796456027011697,0.15000000000006047
Warm_Stress,16.0,SII,0.010515206144191267,0.586041946033082,0.15000000000006047
Warm_Stress,17.0,SII,0.010343755905826833,0.587734675023479,0.15000000000006047
Warm_Stress,18.0,SII,0.008647873111234114,0.6509357907140942,0.15000000000006047
Warm_Stress,19.0,SII,0.006803843968858266,0.5783971970993113,0.15000000000006047
Warm_Stress,20.0,SII,0.007168816868215767,0.5769179530011684,0.15000000000006047
Warm_Stress,21.0,SII,0.007879859690243967,0.5948440216372363,0.15000000000006047
Warm_Stress,22.0,SII,0.007293842888126734,0.6372649481947068,0.15000000000006047
Warm_Stress,23.0,SII,0.0059607128302256,0.6701167794086254,0.15000000000006047
Warm_Stress,24.0,SII,0.006342868475864333,0.6719516362470572,0.15000000000006047
Warm_Stress,25.0,SII,0.0055301369478305,0.6763907755444482,0.15000000000006047
Warm_Stress,26.0,SII,0.004905153376360734,0.6942531768498027,0.15000000000006047
Warm_Stress,27.0,SII,0.005217490329717567,0.6962264882089068,0.15000000000006047
Warm_Stress,28.0,SII,0.004910660830015933,0.7112935880430755,0.15000000000006047
Warm_Stress,30.0,SII,0.002090294224520533,0.7275483264035634,0.15000000000006047
Warm_Stress,40.0,SII,0.0039616130913297,0.5441101911641191,0.15000000000006047
Warm_Stress,50.0,SII,0.011353767166535035,0.39985045081421333,0.15000000000006047
Warm_Stress,60.0,SII,0.007481515097121367,0.46978728098261335,0.15000000000006047
Warm_Stress,75.0,SII,0.009567735406259699,0.4124651494172664,0.15000000000006047
Warm_Stress,90.0,SII,0.0012686749299367004,0.6065145793202183,0.15000000000006047
Warm_Stress,1.0,PAR,0.1733662188053131,1e-16,1.0
Warm_Stress,2.0,PAR,0.1633422970771789,1e-16,1.0
Warm_Stress,3.0,PAR,0.1591241061687469,1e-16,1.0
Warm_Stress,4.0,PAR,0.1566533893346786,1e-16,1.0
Warm_Stress,5.0,PAR,0.1612254381179809,1e-16,1.0
Warm_Stress,6.0,PAR,0.1629956662654876,1e-16,1.0
Warm_Stress,7.0,PAR,0.1641825735569,1e-16,1.0
Warm_Stress,8.0,PAR,0.1644805073738098,1e-16,1.0
Warm_Stress,9.0,PAR,0.1655819416046142,1e-16,1.0
Warm_Stress,10.0,PAR,0.1645057797431945,1e-16,1.0
Warm_Stress,11.0,PAR,0.1640399694442749,1e-16,1.0
Warm_Stress,12.0,PAR,0.1631017923355102,1e-16,1.0
Warm_Stress,13.0,PAR,0.1627698391675949,1e-16,1.0
Warm_Stress,14.0,PAR,0.163437619805336,1e-16,1.0
Warm_Stress,15.0,PAR,0.1630523353815078,1e-16,1.0
Warm_Stress,16.0,PAR,0.1633859872817993,1e-16,1.0
Warm_Stress,17.0,PAR,0.1627658456563949,1e-16,1.0
Warm_Stress,18.0,PAR,0.162857174873352,1e-16,1.0
Warm_Stress,19.0,PAR,0.1632378846406936,1e-16,1.0
Warm_Stress,20.0,PAR,0.1639976352453231,1e-16,1.0
Warm_Stress,21.0,PAR,0.1649952977895736,1e-16,1.0
Warm_Stress,22.0,PAR,0.1665210872888565,1e-16,1.0
Warm_Stress,23.0,PAR,0.1670521348714828,1e-16,1.0
Warm_Stress,24.0,PAR,0.1672969162464141,1e-16,1.0
Warm_Stress,25.0,PAR,0.1667020618915558,1e-16,1.0
Warm_Stress,26.0,PAR,0.1658194214105606,1e-16,1.0
Warm_Stress,27.0,PAR,0.1650069802999496,1e-16,1.0
Warm_Stress,28.0,PAR,0.1645991504192352,1e-16,1.0
Warm_Stress,30.0,PAR,0.1632060110569,1e-16,1.0
Warm_Stress,40.0,PAR,0.1562619656324386,1e-16,1.0
Warm_Stress,50.0,PAR,0.1531419157981872,1e-16,1.0
Warm_Stress,60.0,PAR,0.1464310586452484,1e-16,1.0
Warm_Stress,75.0,PAR,0.1338901370763778,1e-16,1.0
Warm_Stress,90.0,PAR,0.121458500623703,1e-16,1.0
Warm_Stress,1.0,VPD,0.1739102154970169,1e-16,1.0
Warm_Stress,2.0,VPD,0.1691594868898391,1e-16,1.0
Warm_Stress,3.0,VPD,0.168530136346817,1e-16,1.0
Warm_Stress,4.0,VPD,0.1706282794475555,1e-16,1.0
Warm_Stress,5.0,VPD,0.1745020896196365,1e-16,1.0
Warm_Stress,6.0,VPD,0.1763272434473037,1e-16,1.0
Warm_Stress,7.0,VPD,0.1760580837726593,1e-16,1.0
Warm_Stress,8.0,VPD,0.175011470913887,1e-16,1.0
Warm_Stress,9.0,VPD,0.1741898655891418,1e-16,1.0
Warm_Stress,10.0,VPD,0.1732744574546814,1e-16,1.0
Warm_Stress,11.0,VPD,0.1727167665958404,1e-16,1.0
Warm_Stress,12.0,VPD,0.1708464175462722,1e-16,1.0
Warm_Stress,13.0,VPD,0.1697270572185516,1e-16,1.0
Warm_Stress,14.0,VPD,0.1690730303525924,1e-16,1.0
Warm_Stress,15.0,VPD,0.1678592264652252,1e-16,1.0
Warm_Stress,16.0,VPD,0.1673537492752075,1e-16,1.0
Warm_Stress,17.0,VPD,0.1668423414230346,1e-16,1.0
Warm_Stress,18.0,VPD,0.166487768292427,1e-16,1.0
Warm_Stress,19.0,VPD,0.1658687144517898,1e-16,1.0
Warm_Stress,20.0,VPD,0.1650622934103012,1e-16,1.0
Warm_Stress,21.0,VPD,0.1641760915517807,1e-16,1.0
Warm_Stress,22.0,VPD,0.1629253029823303,1e-16,1.0
Warm_Stress,23.0,VPD,0.1614912897348404,1e-16,1.0
Warm_Stress,24.0,VPD,0.1601956933736801,1e-16,1.0
Warm_Stress,25.0,VPD,0.1589846909046173,1e-16,1.0
Warm_Stress,26.0,VPD,0.1579082310199737,1e-16,1.0
Warm_Stress,27.0,VPD,0.1565330177545547,1e-16,1.0
Warm_Stress,28.0,VPD,0.1551586538553238,1e-16,1.0
Warm_Stress,30.0,VPD,0.1515936255455017,1e-16,1.0
Warm_Stress,40.0,VPD,0.137270450592041,1e-16,1.0
Warm_Stress,50.0,VPD,0.1255988031625747,1e-16,1.0
Warm_Stress,60.0,VPD,0.113456092774868,1e-16,1.0
Warm_Stress,75.0,VPD,0.101780392229557,1e-16,1.0
Warm_Stress,90.0,VPD,0.093473382294178,2.4424906541753444e-15,0.9552141553727591
Extreme_Heat,1.0,SII,0.024506607558578235,0.6478289638994351,0.15000000000006047
Extreme_Heat,2.0,SII,0.033602728197971936,0.5489835470856533,0.15000000000006047
Extreme_Heat,3.0,SII,0.0465378477238118,0.45881384020326416,0.15000000000006047
Extreme_Heat,4.0,SII,0.0617179758846759,0.29863710566188056,0.15000000000006047
Extreme_Heat,5.0,SII,0.072930763165156,0.2149272742227155,0.15000000000006047
Extreme_Heat,6.0,SII,0.07596256211400026,0.2123875417259685,0.15000000000006047
Extreme_Heat,7.0,SII,0.0746378066639105,0.22777846894271467,0.15000000000006047
Extreme_Heat,8.0,SII,0.0716692892213662,0.2630385280376155,0.15000000000006047
Extreme_Heat,9.0,SII,0.07233746598164237,0.25204452693465945,0.15000000000006047
Extreme_Heat,10.0,SII,0.0685135647654533,0.28144134562542916,0.15000000000006047
Extreme_Heat,11.0,SII,0.06890948861837383,0.2750174621349835,0.15000000000006047
Extreme_Heat,12.0,SII,0.07153313110272086,0.24795375595127944,0.15000000000006047
Extreme_Heat,13.0,SII,0.0603289132316907,0.33129512317652804,0.15000000000006047
Extreme_Heat,14.0,SII,0.047892784078915895,0.4419041564436645,0.15000000000006047
Extreme_Heat,15.0,SII,0.030751659845312366,0.6266829853784769,0.15000000000006047
Extreme_Heat,16.0,SII,0.024976797401905,0.6942404578391103,0.15000000000006047
Extreme_Heat,17.0,SII,0.0192468560611208,0.7670065414768779,0.15000000000006047
Extreme_Heat,18.0,SII,0.01616293812791503,0.80562212493293,0.15000000000006047
Extreme_Heat,19.0,SII,0.0125918424649474,0.8523497652805653,0.15000000000006047
Extreme_Heat,20.0,SII,0.009338305448181932,0.8808246757328283,0.15000000000006047
Extreme_Heat,21.0,SII,0.0114554135749737,0.8638145491903416,0.15000000000006047
Extreme_Heat,22.0,SII,0.014966311088452667,0.8227975156518191,0.15000000000006047
Extreme_Heat,23.0,SII,0.018740877509117102,0.7803661151963622,0.15000000000006047
Extreme_Heat,24.0,SII,0.01905755170931413,0.7789341506155347,0.15000000000006047
Extreme_Heat,25.0,SII,0.0228551728650927,0.7373187544358619,0.15000000000006047
Extreme_Heat,26.0,SII,0.023005671178301133,0.7355127154998341,0.15000000000006047
Extreme_Heat,27.0,SII,0.02584433369338507,0.7090847762531474,0.15000000000006047
Extreme_Heat,28.0,SII,0.02629298530519007,0.7033466168226302,0.15000000000006047
Extreme_Heat,30.0,SII,0.031396749739845534,0.6446344938429373,0.15000000000006047
Extreme_Heat,40.0,SII,0.07257237285375594,0.290060401692924,0.15000000000006047
Extreme_Heat,50.0,SII,0.06384169807036713,0.3587287019154071,0.15000000000006047
Extreme_Heat,60.0,SII,0.087931012113889,0.21247663126927915,0.15000000000006047
Extreme_Heat,75.0,SII,0.11251364896694815,0.11870228617367377,0.15000000000006047
Extreme_Heat,90.0,SII,0.14530627677838004,0.046252807128709134,0.15204655181569884
Extreme_Heat,1.0,PAR,0.1517156958580017,0.0007755980937373,0.2594497601227572
Extreme_Heat,2.0,PAR,0.1543156951665878,0.0005423477092387,0.2688476953238298
Extreme_Heat,3.0,PAR,0.1724684387445449,8.138797942236486e-05,0.3186758220572896
Extreme_Heat,4.0,PAR,0.1824882179498672,2.760967224846312e-05,0.3470766454035565
Extreme_Heat,5.0,PAR,0.1681099086999893,0.0001018349594894,0.31278775776668777
Extreme_Heat,6.0,PAR,0.1692432463169098,7.233137716822213e-05,0.32177502878796704
Extreme_Heat,7.0,PAR,0.1716651618480682,6.339059327609142e-05,0.32524132283088136
Extreme_Heat,8.0,PAR,0.1753368377685547,3.855459981894072e-05,0.3383044354538106
Extreme_Heat,9.0,PAR,0.1731275171041488,5.295330041099611e-05,0.3299676521540989
Extreme_Heat,10.0,PAR,0.163869172334671,0.0001240647179969,0.30760050450449317
Extreme_Heat,11.0,PAR,0.1620946824550628,0.0001599766576048,0.3009217101665446
Extreme_Heat,12.0,PAR,0.1627597212791443,0.0001609074045929,0.30076930655376943
Extreme_Heat,13.0,PAR,0.1663925796747207,0.0001402631066322,0.30437658623790104
Extreme_Heat,14.0,PAR,0.1706492453813552,0.0001324166030678,0.3058889414865268
Extreme_Heat,15.0,PAR,0.1797531247138977,6.861977679761821e-05,0.32315892504812177
Extreme_Heat,16.0,PAR,0.1736940443515777,0.0001488484230178,0.302815851307166
Extreme_Heat,17.0,PAR,0.1711407452821731,0.000216707164973,0.29294788845778036
Extreme_Heat,18.0,PAR,0.1581635177135467,0.0006691774070846,0.26332700771681583
Extreme_Heat,19.0,PAR,0.1566512584686279,0.0007610544602605,0.25994706275579627
Extreme_Heat,20.0,PAR,0.1478485018014907,0.0015435827125149,0.24136918502564125
Extreme_Heat,21.0,PAR,0.1418825984001159,0.0025091555244478,0.22860556360084353
Extreme_Heat,22.0,PAR,0.143882468342781,0.0020297376416542,0.23417610945359818
Extreme_Heat,23.0,PAR,0.1366000771522522,0.0032259279765234,0.22200427373739348
Extreme_Heat,24.0,PAR,0.1348712593317031,0.0037072239121669,0.21835092505723422
Extreme_Heat,25.0,PAR,0.1366175711154937,0.003572541746458,0.2193231187553259
Extreme_Heat,26.0,PAR,0.1381390988826751,0.003611630449591,0.21903723507401332
Extreme_Heat,27.0,PAR,0.1388732641935348,0.0036243469249632,0.21894489705501977
Extreme_Heat,28.0,PAR,0.1356463730335235,0.0047979548369461,0.21157540367485125
Extreme_Heat,30.0,PAR,0.1280994117259979,0.0082736530992475,0.1972605631001443
Extreme_Heat,40.0,PAR,0.1347554177045822,0.0080424710876843,0.1980050835876705
Extreme_Heat,50.0,PAR,0.1594655066728592,0.0019193627591658,0.23564502137157664
Extreme_Heat,60.0,PAR,0.158563420176506,0.0021202827889259,0.233029555695245
Extreme_Heat,75.0,PAR,0.1142149493098259,0.0253005663339997,0.16789586886271887
Extreme_Heat,90.0,PAR,0.0688363686203956,0.1711489777560393,0.15000000000006047
Extreme_Heat,1.0,VPD,0.1751381307840347,3.801103191269917e-05,0.3386774603213386
Extreme_Heat,2.0,VPD,0.1925942301750183,6.1600845979725705e-06,0.3864854912250647
Extreme_Heat,3.0,VPD,0.1973592340946197,4.538708081147647e-06,0.3945099913508603
Extreme_Heat,4.0,VPD,0.1994498819112777,3.7827536456536137e-06,0.39929635327271973
Extreme_Heat,5.0,VPD,0.1983619183301925,3.933494090668788e-06,0.3982697812162471
Extreme_Heat,6.0,VPD,0.2047725468873977,2.25692053401616e-06,0.4128641591988121
Extreme_Heat,7.0,VPD,0.2093808948993683,1.5142328839701236e-06,0.423348809067048
Extreme_Heat,8.0,VPD,0.2113172560930252,1.308116396092629e-06,0.42719283585135265
Extreme_Heat,9.0,VPD,0.2136880159378051,1.1359859144466355e-06,0.4308993744535303
Extreme_Heat,10.0,VPD,0.2169008702039718,8.285564445653648e-07,0.4391898218478173
Extreme_Heat,11.0,VPD,0.2167437672615051,8.611575970096652e-07,0.4381759473737588
Extreme_Heat,12.0,VPD,0.2125648111104965,1.2253892043290191e-06,0.42890912868767916
Extreme_Heat,13.0,VPD,0.2075225263833999,2.236032088154261e-06,0.4131084392321531
Extreme_Heat,14.0,VPD,0.2019339948892593,4.344441479453565e-06,0.39565923197663094
Extreme_Heat,15.0,VPD,0.1931982040405273,1.2117807154377049e-05,0.368710751155699
Extreme_Heat,16.0,VPD,0.1814174950122833,4.542789005657077e-05,0.3339946171183371
Extreme_Heat,17.0,VPD,0.1697581708431244,0.0001503735571086,0.3025480400372633
Extreme_Heat,18.0,VPD,0.1605514138936996,0.0003631816662543,0.27938257142959066
Extreme_Heat,19.0,VPD,0.1577370315790176,0.000472981448945,0.2724429448073239
Extreme_Heat,20.0,VPD,0.1529761999845504,0.0007280474188657,0.26111189632708853
Extreme_Heat,21.0,VPD,0.1493701487779617,0.0010276379669196,0.25205746046666166
Extreme_Heat,22.0,VPD,0.1462212353944778,0.0013522177221696,0.2448464501492578
Extreme_Heat,23.0,VPD,0.1395872384309768,0.0022827586173832,0.2310898145387892
Extreme_Heat,24.0,VPD,0.1367932260036468,0.0029735335320053,0.2241445828193132
Extreme_Heat,25.0,VPD,0.138466790318489,0.0028942192052545,0.2248548419753797
Extreme_Heat,26.0,VPD,0.1373999118804931,0.0034463393540615,0.22026795612580125
Extreme_Heat,27.0,VPD,0.1365203708410263,0.0039121863224973,0.21693718943612827
Extreme_Heat,28.0,VPD,0.1318562179803848,0.005801995060076,0.20658355082790267
Extreme_Heat,30.0,VPD,0.125523030757904,0.0098685886586136,0.19262945044029095
Extreme_Heat,40.0,VPD,0.1315397769212722,0.0095072040951373,0.19360955190036494
Extreme_Heat,50.0,VPD,0.1311040818691253,0.0122667690245348,0.18691448258242324
Extreme_Heat,60.0,VPD,0.1216786131262779,0.0232178624750909,0.17015269606686242
Extreme_Heat,75.0,VPD,0.0896399989724159,0.0944475491629543,0.15000000000006047
Extreme_Heat,90.0,VPD,0.0524590872228145,0.3223183556993874,0.15000000000006047
